; ----------------------------------------------------------------------
;   GPIB ボード 共通制御
;   生成AI: Antigravity (Gemini 3.8 Flash)
; ----------------------------------------------------------------------
GENERAL, "GENERAL"

; ----------------------------------------------------------------------
;   GPIB ボードオープン
; ----------------------------------------------------------------------
COMMAND, "GPIB Bord Open"
,SEQUENCE, 1, Open

; ----------------------------------------------------------------------
;   GPIB ボードクローズ
; ----------------------------------------------------------------------
COMMAND, "GPIB Bord Close"
,SEQUENCE, 1, Close

; ----------------------------------------------------------------------
;   GPIB Device Clear
; ----------------------------------------------------------------------
COMMAND, "GPIB Device Clear"
,SEQUENCE, 1, DCL

; ----------------------------------------------------------------------
;   GPIB Interface Clear
; ----------------------------------------------------------------------
COMMAND, "GPIB Interface Clear"
,SEQUENCE, 1, IFC

; ----------------------------------------------------------------------
;   GPIB Local Lockout
; ----------------------------------------------------------------------
COMMAND, "GPIB Local Lockout"
,SEQUENCE, 1, LLO

; ----------------------------------------------------------------------
;   GPIB Remote Disabled
; ----------------------------------------------------------------------
COMMAND, "GPIB Remote Disabled"
,SEQUENCE, 1, RDS

; ----------------------------------------------------------------------
;   GPIB Remote Enable
; ----------------------------------------------------------------------
COMMAND, "GPIB Remote Enable"
,SEQUENCE, 1, REN
